{
  "providers": {
    "awscloudformation": {
      "AuthRoleName": "amplify-apiserverless-dev-02828-authRole",
      "UnauthRoleArn": "arn:aws:iam::410905970822:role/amplify-apiserverless-dev-02828-unauthRole",
      "AuthRoleArn": "arn:aws:iam::410905970822:role/amplify-apiserverless-dev-02828-authRole",
      "Region": "eu-north-1",
      "DeploymentBucketName": "amplify-apiserverless-dev-02828-deployment",
      "UnauthRoleName": "amplify-apiserverless-dev-02828-unauthRole",
      "StackName": "amplify-apiserverless-dev-02828",
      "StackId": "arn:aws:cloudformation:eu-north-1:410905970822:stack/amplify-apiserverless-dev-02828/7bd0efd0-95f5-11ed-a24e-0a7f8fdd39a2",
      "AmplifyAppId": "d1x0kin8qwb7h5"
    }
  },
  "storage": {
    "usercommentdb": {
      "service": "DynamoDB",
      "providerPlugin": "awscloudformation",
      "providerMetadata": {
        "s3TemplateURL": "https://s3.amazonaws.com/amplify-apiserverless-dev-02828-deployment/amplify-cfn-templates/storage/usercommentdb-cloudformation-template.json",
        "logicalId": "storageusercommentdb"
      },
      "lastPushTimeStamp": "2023-01-17T00:01:58.542Z"
    },
    "userCommentDB": {
      "service": "DynamoDB",
      "providerPlugin": "awscloudformation",
      "providerMetadata": {
        "s3TemplateURL": "https://s3.amazonaws.com/amplify-apiserverless-dev-02828-deployment/amplify-cfn-templates/storage/userCommentDB-cloudformation-template.json",
        "logicalId": "storageuserCommentDB"
      },
      "lastPushTimeStamp": "2023-01-17T00:01:58.558Z"
    }
  },
  "function": {
    "commentapi": {
      "build": true,
      "providerPlugin": "awscloudformation",
      "service": "Lambda",
      "dependsOn": [
        {
          "category": "storage",
          "resourceName": "userCommentDB",
          "attributes": [
            "Name",
            "Arn",
            "StreamArn"
          ]
        }
      ]
    }
  },
  "api": {
    "addusercommentapi": {
      "service": "API Gateway",
      "providerPlugin": "awscloudformation",
      "dependsOn": [
        {
          "category": "function",
          "resourceName": "commentapi",
          "attributes": [
            "Name",
            "Arn"
          ]
        }
      ]
    }
  }
}