{
  "api": {
    "addusercommentapi": {
      "dependsOn": [
        {
          "attributes": [
            "Name",
            "Arn"
          ],
          "category": "function",
          "resourceName": "commentapi"
        }
      ],
      "providerPlugin": "awscloudformation",
      "service": "API Gateway"
    }
  },
  "function": {
    "commentapi": {
      "build": true,
      "dependsOn": [
        {
          "attributes": [
            "Name",
            "Arn",
            "StreamArn"
          ],
          "category": "storage",
          "resourceName": "userCommentDB"
        }
      ],
      "providerPlugin": "awscloudformation",
      "service": "Lambda"
    }
  },
  "parameters": {
    "AMPLIFY_function_commentapi_en": {
      "usedBy": [
        {
          "category": "function",
          "resourceName": "commentapi"
        }
      ]
    }
  },
  "storage": {
    "userCommentDB": {
      "providerPlugin": "awscloudformation",
      "service": "DynamoDB"
    },
    "usercommentdb": {
      "providerPlugin": "awscloudformation",
      "service": "DynamoDB"
    }
  }
}